{
    "strategy": "MACD策略",
    "total_return": 0.09349219376709805,
    "annualized_return": 0.0796191737073424,
    "max_drawdown": 0.3928584874315859,
    "sharpe_ratio": 0.39121501917142276,
    "num_trades": 21.0,
    "win_rate": 0.09523809523809523,
    "equity_curve": {
        